ID,Name,Age,Gender,City,Province,Occupation,Salary,JoinDate
1001,Ali Khan,30,M,Karachi,Sindh,Engineer,50000,2019-05-12
1002,Ayesha Ali,25,F,Lahore,Punjab,Teacher,40000,2020-06-20
1003,Hassan Qureshi,28,M,Islamabad,Islamabad Capital Territory,Doctor,120000,2021-03-10
1004,Sana Malik,33,F,Rawalpindi,Punjab,Business,75000,2019-11-05
1005,Fahad Shah,29,M,Peshawar,Khyber Pakhtunkhwa,IT Specialist,80000,2022-01-25
1006,Fatima Butt,26,F,Quetta,Balochistan,Designer,45000,2020-09-07
1007,Rehan Farooq,35,M,Faisalabad,Punjab,Engineer,100000,2019-10-15
1008,Maryam Sheikh,24,F,Hyderabad,Sindh,Pharmacist,55000,2021-08-02
1009,Hussain Yousuf,42,M,Sialkot,Punjab,Sales,65000,2023-03-18
1010,Zoya Ahmed,27,F,Multan,Punjab,Artist,60000,2022-06-12
1011,Ali Khan,31,M,Karachi,Sindh,Engineer,50000,2019-05-13
1012,Ayesha Ali,26,F,Lahore,Punjab,Teacher,40000,2020-06-21
1013,Hassan Qureshi,29,M,Islamabad,Islamabad Capital Territory,Doctor,120000,2021-03-11
1014,Sana Malik,34,F,Rawalpindi,Punjab,Business,75000,2019-11-06
1015,Fahad Shah,30,M,Peshawar,Khyber Pakhtunkhwa,IT Specialist,80000,2022-01-26
1016,Fatima Butt,27,F,Quetta,Balochistan,Designer,45000,2020-09-08
1017,Rehan Farooq,36,M,Faisalabad,Punjab,Engineer,100000,2019-10-16
1018,Maryam Sheikh,25,F,Hyderabad,Sindh,Pharmacist,55000,2021-08-03
1019,Hussain Yousuf,43,M,Sialkot,Punjab,Sales,65000,2023-03-19
1020,Zoya Ahmed,28,F,Multan,Punjab,Artist,60000,2022-06-13
1021,Ali Khan,32,M,Karachi,Sindh,Engineer,50000,2019-05-14
1022,Ayesha Ali,27,F,Lahore,Punjab,Teacher,40000,2020-06-22
1023,Hassan Qureshi,30,M,Islamabad,Islamabad Capital Territory,Doctor,120000,2021-03-12
1024,Sana Malik,35,F,Rawalpindi,Punjab,Business,75000,2019-11-07
1025,Fahad Shah,31,M,Peshawar,Khyber Pakhtunkhwa,IT Specialist,80000,2022-01-27
1026,Fatima Butt,28,F,Quetta,Balochistan,Designer,45000,2020-09-09
1027,Rehan Farooq,37,M,Faisalabad,Punjab,Engineer,100000,2019-10-17
1028,Maryam Sheikh,26,F,Hyderabad,Sindh,Pharmacist,55000,2021-08-04
1029,Hussain Yousuf,44,M,Sialkot,Punjab,Sales,65000,2023-03-20
1030,Zoya Ahmed,29,F,Multan,Punjab,Artist,60000,2022-06-14
1031,Ali Khan,33,M,Karachi,Sindh,Engineer,50000,2019-05-15
1032,Ayesha Ali,28,F,Lahore,Punjab,Teacher,40000,2020-06-23
1033,Hassan Qureshi,31,M,Islamabad,Islamabad Capital Territory,Doctor,120000,2021-03-13
1034,Sana Malik,36,F,Rawalpindi,Punjab,Business,75000,2019-11-08
1035,Fahad Shah,32,M,Peshawar,Khyber Pakhtunkhwa,IT Specialist,80000,2022-01-28
1036,Fatima Butt,29,F,Quetta,Balochistan,Designer,45000,2020-09-10
1037,Rehan Farooq,38,M,Faisalabad,Punjab,Engineer,100000,2019-10-18
1038,Maryam Sheikh,27,F,Hyderabad,Sindh,Pharmacist,55000,2021-08-05
1039,Hussain Yousuf,45,M,Sialkot,Punjab,Sales,65000,2023-03-21
1040,Zoya Ahmed,30,F,Multan,Punjab,Artist,60000,2022-06-15
1041,Ali Khan,34,M,Karachi,Sindh,Engineer,50000,2019-05-16
1042,Ayesha Ali,29,F,Lahore,Punjab,Teacher,40000,2020-06-24
1043,Hassan Qureshi,32,M,Islamabad,Islamabad Capital Territory,Doctor,120000,2021-03-14
1044,Sana Malik,37,F,Rawalpindi,Punjab,Business,75000,2019-11-09
1045,Fahad Shah,33,M,Peshawar,Khyber Pakhtunkhwa,IT Specialist,80000,2022-01-29
1046,Fatima Butt,30,F,Quetta,Balochistan,Designer,45000,2020-09-11
1047,Rehan Farooq,39,M,Faisalabad,Punjab,Engineer,100000,2019-10-19
1048,Maryam Sheikh,28,F,Hyderabad,Sindh,Pharmacist,55000,2021-08-06
1049,Hussain Yousuf,46,M,Sialkot,Punjab,Sales,65000,2023-03-22
1050,Zoya Ahmed,31,F,Multan,Punjab,Artist,60000,2022-06-16
1051,Ali Khan,35,M,Karachi,Sindh,Engineer,50000,2019-05-17
1052,Ayesha Ali,30,F,Lahore,Punjab,Teacher,40000,2020-06-25
1053,Hassan Qureshi,33,M,Islamabad,Islamabad Capital Territory,Doctor,120000,2021-03-15
1054,Sana Malik,38,F,Rawalpindi,Punjab,Business,75000,2019-11-10
1055,Fahad Shah,34,M,Peshawar,Khyber Pakhtunkhwa,IT Specialist,80000,2022-01-30
1056,Fatima Butt,31,F,Quetta,Balochistan,Designer,45000,2020-09-12
1057,Rehan Farooq,40,M,Faisalabad,Punjab,Engineer,100000,2019-10-20
1058,Maryam Sheikh,29,F,Hyderabad,Sindh,Pharmacist,55000,2021-08-07
1059,Hussain Yousuf,47,M,Sialkot,Punjab,Sales,65000,2023-03-23
1060,Zoya Ahmed,32,F,Multan,Punjab,Artist,60000,2022-06-17
1061,Ali Khan,36,M,Karachi,Sindh,Engineer,50000,2019-05-18
1062,Ayesha Ali,31,F,Lahore,Punjab,Teacher,40000,2020-06-26
1063,Hassan Qureshi,34,M,Islamabad,Islamabad Capital Territory,Doctor,120000,2021-03-16
1064,Sana Malik,39,F,Rawalpindi,Punjab,Business,75000,2019-11-11
1065,Fahad Shah,35,M,Peshawar,Khyber Pakhtunkhwa,IT Specialist,80000,2022-01-31
1066,Fatima Butt,32,F,Quetta,Balochistan,Designer,45000,2020-09-13
1067,Rehan Farooq,41,M,Faisalabad,Punjab,Engineer,100000,2019-10-21
1068,Maryam Sheikh,30,F,Hyderabad,Sindh,Pharmacist,55000,2021-08-08
1069,Hussain Yousuf,48,M,Sialkot,Punjab,Sales,65000,2023-03-24
1070,Zoya Ahmed,33,F,Multan,Punjab,Artist,60000,2022-06-18
1071,Ali Khan,37,M,Karachi,Sindh,Engineer,50000,2019-05-19
1072,Ayesha Ali,32,F,Lahore,Punjab,Teacher,40000,2020-06-27
1073,Hassan Qureshi,35,M,Islamabad,Islamabad Capital Territory,Doctor,120000,2021-03-17
1074,Sana Malik,40,F,Rawalpindi,Punjab,Business,75000,2019-11-12
1075,Fahad Shah,36,M,Peshawar,Khyber Pakhtunkhwa,IT Specialist,80000,2022-02-01
1076,Rafia Qureshi,33,F,Karachi,Sindh,Designer,55000,2020-09-14
1077,Rehan Farooq,42,M,Faisalabad,Punjab,Engineer,100000,2019-10-22
1078,Maryam Sheikh,31,F,Hyderabad,Sindh,Pharmacist,55000,2021-08-09
1079,Hussain Yousuf,49,M,Sialkot,Punjab,Sales,65000,2023-03-25
1080,Zoya Ahmed,34,F,Multan,Punjab,Artist,60000,2022-06-19
1081,Ali Khan,38,M,Karachi,Sindh,Engineer,50000,2019-05-20
1082,Ayesha Ali,33,F,Lahore,Punjab,Teacher,40000,2020-06-28
1083,Hassan Qureshi,36,M,Islamabad,Islamabad Capital Territory,Doctor,120000,2021-03-18
1084,Sana Malik,41,F,Rawalpindi,Punjab,Business,75000,2019-11-13
1085,Fahad Shah,37,M,Peshawar,Khyber Pakhtunkhwa,IT Specialist,80000,2022-02-02
1086,Fatima Butt,34,F,Quetta,Balochistan,Designer,45000,2020-09-15
1087,Rehan Farooq,43,M,Faisalabad,Punjab,Engineer,100000,2019-10-23
1088,Maryam Sheikh,32,F,Hyderabad,Sindh,Pharmacist,55000,2021-08-10
1089,Hussain Yousuf,50,M,Sialkot,Punjab,Sales,65000,2023-03-26
1090,Zoya Ahmed,35,F,Multan,Punjab,Artist,60000,2022-06-20
1091,Ali Khan,39,M,Karachi,Sindh,Engineer,50000,2019-05-21
1092,Ayesha Ali,34,F,Lahore,Punjab,Teacher,40000,2020-06-29
1093,Hassan Qureshi,37,M,Islamabad,Islamabad Capital Territory,Doctor,120000,2021-03-19
1094,Sana Malik,42,F,Rawalpindi,Punjab,Business,75000,2019-11-14
1095,Fahad Shah,38,M,Peshawar,Khyber Pakhtunkhwa,IT Specialist,80000,2022-02-03
1096,Fatima Butt,35,F,Quetta,Balochistan,Designer,45000,2020-09-16
1097,Rehan Farooq,44,M,Faisalabad,Punjab,Engineer,100000,2019-10-24
1098,Maryam Sheikh,33,F,Hyderabad,Sindh,Pharmacist,55000,2021-08-11
1099,Hussain Yousuf,51,M,Sialkot,Punjab,Sales,65000,2023-03-27
1100,Zoya Ahmed,36,F,Multan,Punjab,Artist,60000,2022-06-21
1101,Ali Khan,40,M,Karachi,Sindh,Engineer,50000,2019-05-22
1102,Ayesha Ali,35,F,Lahore,Punjab,Teacher,40000,2020-06-30
1103,Hassan Qureshi,38,M,Islamabad,Islamabad Capital Territory,Doctor,120000,2021-03-20
1104,Sana Malik,43,F,Rawalpindi,Punjab,Business,75000,2019-11-15
1105,Fahad Shah,39,M,Peshawar,Khyber Pakhtunkhwa,IT Specialist,80000,2022-02-04
1106,Fatima Butt,36,F,Quetta,Balochistan,Designer,45000,2020-09-17
1107,Rehan Farooq,45,M,Faisalabad,Punjab,Engineer,100000,2019-10-25
1108,Maryam Sheikh,34,F,Hyderabad,Sindh,Pharmacist,55000,2021-08-12
1109,Hussain Yousuf,52,M,Sialkot,Punjab,Sales,65000,2023-03-28
1110,Zoya Ahmed,37,F,Multan,Punjab,Artist,60000,2022-06-22
1111,Ali Khan,41,M,Karachi,Sindh,Engineer,50000,2019-05-23
1112,Ayesha Ali,36,F,Lahore,Punjab,Teacher,40000,2020-07-01
1113,Hassan Qureshi,39,M,Islamabad,Islamabad Capital Territory,Doctor,120000,2021-03-21
1114,Sana Malik,44,F,Rawalpindi,Punjab,Business,75000,2019-11-16
1115,Fahad Shah,40,M,Peshawar,Khyber Pakhtunkhwa,IT Specialist,80000,2022-02-05
1116,Fatima Butt,37,F,Quetta,Balochistan,Designer,45000,2020-09-18
1117,Rehan Farooq,46,M,Faisalabad,Punjab,Engineer,100000,2019-10-26
1118,Maryam Sheikh,35,F,Hyderabad,Sindh,Pharmacist,55000,2021-08-13
1119,Hussain Yousuf,53,M,Sialkot,Punjab,Sales,65000,2023-03-29
1120,Zoya Ahmed,38,F,Multan,Punjab,Artist,60000,2022-06-23
1121,Ali Khan,42,M,Karachi,Sindh,Engineer,50000,2019-05-24
1122,Ayesha Ali,37,F,Lahore,Punjab,Teacher,40000,2020-07-02
1123,Hassan Qureshi,40,M,Islamabad,Islamabad Capital Territory,Doctor,120000,2021-03-22
1124,Sana Malik,45,F,Rawalpindi,Punjab,Business,75000,2019-11-17
1125,Fahad Shah,41,M,Peshawar,Khyber Pakhtunkhwa,IT Specialist,80000,2022-02-06
1126,Fatima Butt,38,F,Quetta,Balochistan,Designer,45000,2020-09-19
1127,Rehan Farooq,47,M,Faisalabad,Punjab,Engineer,100000,2019-10-27
1128,Maryam Sheikh,36,F,Hyderabad,Sindh,Pharmacist,55000,2021-08-14
1129,Hussain Yousuf,54,M,Sialkot,Punjab,Sales,65000,2023-03-30
1130,Zoya Ahmed,39,F,Multan,Punjab,Artist,60000,2022-06-24
1131,Ali Khan,43,M,Karachi,Sindh,Engineer,50000,2019-05-25
1132,Ayesha Ali,38,F,Lahore,Punjab,Teacher,40000,2020-07-03
1133,Hassan Qureshi,41,M,Islamabad,Islamabad Capital Territory,Doctor,120000,2021-03-23
1134,Sana Malik,46,F,Rawalpindi,Punjab,Business,75000,2019-11-18
1135,Fahad Shah,42,M,Peshawar,Khyber Pakhtunkhwa,IT Specialist,80000,2022-02-07
1136,Fatima Butt,39,F,Quetta,Balochistan,Designer,45000,2020-09-20
1137,Rehan Farooq,48,M,Faisalabad,Punjab,Engineer,100000,2019-10-28
1138,Maryam Sheikh,37,F,Hyderabad,Sindh,Pharmacist,55000,2021-08-15
1139,Hussain Yousuf,55,M,Sialkot,Punjab,Sales,65000,2023-03-31
1140,Zoya Ahmed,40,F,Multan,Punjab,Artist,60000,2022-06-25
1141,Ali Khan,44,M,Karachi,Sindh,Engineer,50000,2019-05-26
1142,Ayesha Ali,39,F,Lahore,Punjab,Teacher,40000,2020-07-04
1143,Hassan Qureshi,42,M,Islamabad,Islamabad Capital Territory,Doctor,120000,2021-03-24
1144,Sana Malik,47,F,Rawalpindi,Punjab,Business,75000,2019-11-19
1145,Fahad Shah,43,M,Peshawar,Khyber Pakhtunkhwa,IT Specialist,80000,2022-02-08
1146,Fatima Butt,40,F,Quetta,Balochistan,Designer,45000,2020-09-21
1147,Rehan Farooq,49,M,Faisalabad,Punjab,Engineer,100000,2019-10-29
1148,Maryam Sheikh,38,F,Hyderabad,Sindh,Pharmacist,55000,2021-08-16
1149,Hussain Yousuf,56,M,Sialkot,Punjab,Sales,65000,2023-04-01
1150,Zoya Ahmed,41,F,Multan,Punjab,Artist,60000,2022-06-26
1151,Ali Khan,45,M,Karachi,Sindh,Engineer,50000,2019-05-27
1152,Ayesha Ali,40,F,Lahore,Punjab,Teacher,40000,2020-07-05
1153,Hassan Qureshi,43,M,Islamabad,Islamabad Capital Territory,Doctor,120000,2021-03-25
1154,Sana Malik,48,F,Rawalpindi,Punjab,Business,75000,2019-11-20
1155,Fahad Shah,44,M,Peshawar,Khyber Pakhtunkhwa,IT Specialist,80000,2022-02-09
1156,Fatima Butt,41,F,Quetta,Balochistan,Designer,45000,2020-09-22
1157,Rehan Farooq,50,M,Faisalabad,Punjab,Engineer,100000,2019-10-30
1158,Maryam Sheikh,39,F,Hyderabad,Sindh,Pharmacist,55000,2021-08-17
1159,Hussain Yousuf,57,M,Sialkot,Punjab,Sales,65000,2023-04-02
1160,Zoya Ahmed,42,F,Multan,Punjab,Artist,60000,2022-06-27
1161,Ali Khan,46,M,Karachi,Sindh,Engineer,50000,2019-05-28
1162,Ayesha Ali,41,F,Lahore,Punjab,Teacher,40000,2020-07-06
1163,Hassan Qureshi,44,M,Islamabad,Islamabad Capital Territory,Doctor,120000,2021-03-26
1164,Sana Malik,49,F,Rawalpindi,Punjab,Business,75000,2019-11-21
1165,Fahad Shah,45,M,Peshawar,Khyber Pakhtunkhwa,IT Specialist,80000,2022-02-10
1166,Fatima Butt,42,F,Quetta,Balochistan,Designer,45000,2020-09-23
1167,Rehan Farooq,51,M,Faisalabad,Punjab,Engineer,100000,2019-10-31
1168,Maryam Sheikh,40,F,Hyderabad,Sindh,Pharmacist,55000,2021-08-18
1169,Hussain Yousuf,58,M,Sialkot,Punjab,Sales,65000,2023-04-03
1170,Zoya Ahmed,43,F,Multan,Punjab,Artist,60000,2022-06-28
1171,Ali Khan,47,M,Karachi,Sindh,Engineer,50000,2019-05-29
1172,Ayesha Ali,42,F,Lahore,Punjab,Teacher,40000,2020-07-07
1173,Hassan Qureshi,45,M,Islamabad,Islamabad Capital Territory,Doctor,120000,2021-03-27
1174,Sana Malik,50,F,Rawalpindi,Punjab,Business,75000,2019-11-22
1175,Fahad Shah,46,M,Peshawar,Khyber Pakhtunkhwa,IT Specialist,80000,2022-02-11
1176,Fatima Butt,43,F,Quetta,Balochistan,Designer,45000,2020-09-24
1177,Rehan Farooq,52,M,Faisalabad,Punjab,Engineer,100000,2019-11-01
1178,Maryam Sheikh,41,F,Hyderabad,Sindh,Pharmacist,55000,2021-08-19
1179,Hussain Yousuf,59,M,Sialkot,Punjab,Sales,65000,2023-04-04
1180,Zoya Ahmed,44,F,Multan,Punjab,Artist,60000,2022-06-29
1181,Ali Khan,48,M,Karachi,Sindh,Engineer,50000,2019-05-30
1182,Ayesha Ali,43,F,Lahore,Punjab,Teacher,40000,2020-07-08
1183,Hassan Qureshi,46,M,Islamabad,Islamabad Capital Territory,Doctor,120000,2021-03-28
1184,Sana Malik,51,F,Rawalpindi,Punjab,Business,75000,2019-11-23
1185,Fahad Shah,47,M,Peshawar,Khyber Pakhtunkhwa,IT Specialist,80000,2022-02-12
1186,Fatima Butt,44,F,Quetta,Balochistan,Designer,45000,2020-09-25
1187,Rehan Farooq,53,M,Faisalabad,Punjab,Engineer,100000,2019-11-02
1188,Maryam Sheikh,42,F,Hyderabad,Sindh,Pharmacist,55000,2021-08-20
1189,Hussain Yousuf,60,M,Sialkot,Punjab,Sales,65000,2023-04-05
1190,Zoya Ahmed,45,F,Multan,Punjab,Artist,60000,2022-06-30
1191,Ali Khan,49,M,Karachi,Sindh,Engineer,50000,2019-05-31
1192,Ayesha Ali,44,F,Lahore,Punjab,Teacher,40000,2020-07-09
1193,Hassan Qureshi,47,M,Islamabad,Islamabad Capital Territory,Doctor,120000,2021-03-29
1194,Sana Malik,52,F,Rawalpindi,Punjab,Business,75000,2019-11-24
1195,Fahad Shah,48,M,Peshawar,Khyber Pakhtunkhwa,IT Specialist,80000,2022-02-13
1196,Fatima Butt,45,F,Quetta,Balochistan,Designer,45000,2020-09-26
1197,Rehan Farooq,54,M,Faisalabad,Punjab,Engineer,100000,2019-11-03
1198,Maryam Sheikh,43,F,Hyderabad,Sindh,Pharmacist,55000,2021-08-21
1199,Hussain Yousuf,61,M,Sialkot,Punjab,Sales,65000,2023-04-06
1200,Zoya Ahmed,46,F,Multan,Punjab,Artist,60000,2022-07-01
